open,high,low,close,volume,open_interest,datetime
24960.05,24964.2,24942.0,24964.2,975,397900,2024-08-21 09:15:00
24964.2,24974.7,24964.2,24973.35,1800,397900,2024-08-21 09:16:00
24973.0,24973.0,24966.35,24972.35,1200,397900,2024-08-21 09:17:00
24973.0,24978.0,24973.0,24974.7,1425,397900,2024-08-21 09:18:00
24975.0,24979.0,24974.7,24974.7,550,401625,2024-08-21 09:19:00
24974.7,24974.7,24970.9,24973.05,650,401625,2024-08-21 09:20:00
24974.0,24977.0,24974.0,24977.0,450,402525,2024-08-21 09:21:00
24975.0,24975.0,24972.0,24972.95,100,402525,2024-08-21 09:22:00
24975.0,24975.0,24966.0,24966.0,350,402525,2024-08-21 09:23:00
24964.2,24971.0,24964.2,24965.95,900,402525,2024-08-21 09:24:00
24963.85,24965.0,24961.0,24964.15,375,402450,2024-08-21 09:25:00
24964.0,24967.0,24960.05,24966.95,400,402450,2024-08-21 09:26:00
24967.0,24967.0,24960.05,24960.05,750,402450,2024-08-21 09:27:00
24960.1,24960.1,24957.05,24960.0,275,402700,2024-08-21 09:28:00
24957.05,24957.05,24956.95,24956.95,100,402700,2024-08-21 09:29:00
24952.05,24952.05,24950.1,24950.1,375,402750,2024-08-21 09:30:00
24950.1,24954.25,24943.5,24943.5,675,402750,2024-08-21 09:31:00
24943.5,24944.3,24943.5,24943.55,150,402750,2024-08-21 09:32:00
24943.5,24943.5,24942.0,24942.0,400,402800,2024-08-21 09:33:00
24942.0,24957.0,24942.0,24957.0,1500,402800,2024-08-21 09:34:00
24960.0,24971.0,24955.0,24955.05,325,402800,2024-08-21 09:35:00
24957.3,24957.3,24950.0,24952.05,325,403225,2024-08-21 09:36:00
24952.05,24952.05,24949.25,24949.25,175,403225,2024-08-21 09:37:00
24952.05,24963.95,24952.05,24963.95,125,403225,2024-08-21 09:38:00
24967.8,24968.95,24960.35,24968.95,75,403225,2024-08-21 09:39:00
24960.0,24960.0,24954.05,24954.05,275,403175,2024-08-21 09:40:00
24950.0,24964.05,24948.0,24964.05,600,403175,2024-08-21 09:41:00
24956.55,24956.55,24956.55,24956.55,25,403175,2024-08-21 09:42:00
24963.95,24965.0,24960.0,24965.0,400,403225,2024-08-21 09:43:00
24969.0,24969.0,24964.0,24964.0,100,403225,2024-08-21 09:44:00
24973.85,24973.85,24973.0,24973.0,75,403375,2024-08-21 09:45:00
24973.6,24973.6,24967.9,24967.9,125,403375,2024-08-21 09:46:00
24966.0,24980.0,24966.0,24980.0,1775,403375,2024-08-21 09:47:00
24982.9,24982.9,24982.0,24982.35,100,403075,2024-08-21 09:48:00
24982.0,24985.0,24982.0,24982.05,175,403075,2024-08-21 09:49:00
24985.0,24994.0,24985.0,24993.95,525,403075,2024-08-21 09:50:00
24990.0,24990.0,24987.2,24987.2,275,403075,2024-08-21 09:51:00
24989.95,24989.95,24974.2,24974.2,625,403050,2024-08-21 09:52:00
24970.05,24977.55,24970.0,24970.0,575,403050,2024-08-21 09:53:00
24967.8,24967.8,24964.05,24964.05,100,403050,2024-08-21 09:54:00
24964.0,24964.05,24964.0,24964.05,1700,402875,2024-08-21 09:55:00
24964.05,24975.95,24964.05,24975.95,1225,402875,2024-08-21 09:56:00
24974.5,24974.5,24974.25,24974.25,50,402875,2024-08-21 09:57:00
24974.5,24974.5,24971.7,24971.7,100,403450,2024-08-21 09:58:00
24974.1,24974.1,24968.3,24968.45,125,403450,2024-08-21 09:59:00
24972.2,24983.4,24972.2,24983.4,175,403450,2024-08-21 10:00:00
24985.0,24990.0,24985.0,24989.95,350,403500,2024-08-21 10:01:00
24988.3,24988.3,24981.0,24981.0,400,403500,2024-08-21 10:02:00
24981.0,24982.0,24981.0,24981.0,175,403500,2024-08-21 10:03:00
24981.6,24981.6,24981.55,24981.55,175,403625,2024-08-21 10:04:00
24981.6,24981.6,24981.6,24981.6,850,403625,2024-08-21 10:05:00
24980.0,24987.35,24980.0,24987.35,875,403625,2024-08-21 10:06:00
24986.75,24986.75,24986.6,24986.6,50,402650,2024-08-21 10:07:00
24985.0,24988.0,24985.0,24985.0,225,402650,2024-08-21 10:08:00
24989.85,24989.95,24985.0,24989.95,250,402875,2024-08-21 10:09:00
24990.0,24994.0,24990.0,24994.0,225,402875,2024-08-21 10:10:00
24991.3,24995.0,24991.3,24995.0,775,402875,2024-08-21 10:11:00
24996.4,25000.0,24996.05,25000.0,1750,402875,2024-08-21 10:12:00
25000.0,25000.0,24995.8,24995.8,125,403550,2024-08-21 10:13:00
24996.0,24996.0,24996.0,24996.0,100,403550,2024-08-21 10:14:00
24998.0,24998.0,24996.0,24996.0,125,403550,2024-08-21 10:15:00
25004.85,25004.95,25003.0,25004.2,1275,403725,2024-08-21 10:16:00
25004.2,25007.25,25002.9,25005.9,650,403725,2024-08-21 10:17:00
25005.0,25005.0,24996.5,24996.5,75,403725,2024-08-21 10:18:00
25003.75,25005.0,24998.9,25005.0,900,404800,2024-08-21 10:19:00
25006.95,25010.9,25006.95,25010.9,925,404800,2024-08-21 10:20:00
25008.9,25010.85,25002.4,25004.0,750,404800,2024-08-21 10:21:00
25002.3,25004.5,25002.3,25004.5,600,405225,2024-08-21 10:22:00
25010.85,25024.0,25010.85,25024.0,750,405225,2024-08-21 10:23:00
25025.0,25029.0,25023.2,25027.55,1125,405225,2024-08-21 10:24:00
25027.55,25035.9,25027.55,25032.4,950,405375,2024-08-21 10:25:00
25033.35,25035.0,25033.3,25035.0,375,405375,2024-08-21 10:26:00
25033.6,25033.6,25026.6,25027.2,475,405375,2024-08-21 10:27:00
25025.0,25025.0,25022.2,25025.0,175,405650,2024-08-21 10:28:00
25026.05,25028.0,25021.45,25026.8,200,405650,2024-08-21 10:29:00
25021.0,25026.8,25021.0,25026.8,175,405650,2024-08-21 10:30:00
25025.95,25025.95,25022.15,25025.95,225,405875,2024-08-21 10:31:00
25022.75,25026.0,25021.0,25021.0,825,405875,2024-08-21 10:32:00
25020.1,25020.1,25015.05,25015.05,250,405875,2024-08-21 10:33:00
25015.0,25019.35,25015.0,25015.05,750,406325,2024-08-21 10:34:00
25015.0,25020.95,25015.0,25020.95,300,406325,2024-08-21 10:35:00
25020.8,25020.8,25006.25,25006.25,750,406325,2024-08-21 10:36:00
25009.95,25009.95,25000.0,25000.0,550,406425,2024-08-21 10:37:00
24996.0,25002.7,24994.85,24998.3,550,406425,2024-08-21 10:38:00
24998.3,24998.3,24998.3,24998.3,600,406425,2024-08-21 10:39:00
24992.65,24993.0,24992.65,24993.0,150,407250,2024-08-21 10:40:00
24999.8,24999.8,24998.0,24998.0,125,407250,2024-08-21 10:41:00
25000.0,25004.85,24999.85,25004.75,375,407250,2024-08-21 10:42:00
25005.0,25005.0,25004.75,25004.75,50,407150,2024-08-21 10:43:00
25004.75,25004.75,25004.75,25004.75,0,0,2024-08-21 10:44:00
25005.0,25005.0,25001.0,25004.9,300,407150,2024-08-21 10:45:00
25005.0,25010.0,25005.0,25007.0,175,407100,2024-08-21 10:46:00
25006.3,25011.95,25006.0,25006.35,175,407100,2024-08-21 10:47:00
25010.95,25010.95,25001.05,25005.8,600,407100,2024-08-21 10:48:00
25003.15,25003.15,25003.15,25003.15,375,407025,2024-08-21 10:49:00
25001.05,25004.95,25001.05,25004.95,75,407025,2024-08-21 10:50:00
25000.0,25001.35,24999.35,25001.35,325,407025,2024-08-21 10:51:00
24995.5,24997.0,24994.75,24997.0,550,407100,2024-08-21 10:52:00
25002.25,25003.0,25002.25,25003.0,50,407100,2024-08-21 10:53:00
24994.15,24995.35,24993.05,24995.35,75,407100,2024-08-21 10:54:00
25000.0,25000.0,24999.8,24999.8,50,407600,2024-08-21 10:55:00
25002.25,25005.4,25002.25,25005.4,150,407600,2024-08-21 10:56:00
25004.8,25004.8,25003.8,25003.8,100,407600,2024-08-21 10:57:00
25003.8,25003.8,25003.8,25003.8,0,0,2024-08-21 10:58:00
25000.05,25004.45,25000.05,25004.45,175,407550,2024-08-21 10:59:00
25004.35,25004.35,25004.35,25004.35,25,407550,2024-08-21 11:00:00
24998.0,25000.0,24998.0,25000.0,50,407500,2024-08-21 11:01:00
25000.75,25000.75,25000.05,25000.05,50,407500,2024-08-21 11:02:00
25000.0,25001.0,24999.0,24999.0,125,407500,2024-08-21 11:03:00
24999.0,24999.0,24999.0,24999.0,0,0,2024-08-21 11:04:00
25001.0,25001.0,25000.9,25000.9,125,407625,2024-08-21 11:05:00
24999.0,24999.0,24988.6,24989.0,475,407625,2024-08-21 11:06:00
24988.0,24988.0,24979.9,24984.0,1275,407375,2024-08-21 11:07:00
24984.0,24984.0,24975.0,24977.4,300,407375,2024-08-21 11:08:00
24975.0,24978.1,24974.0,24976.25,175,407375,2024-08-21 11:09:00
24976.85,24976.85,24964.05,24968.85,575,407250,2024-08-21 11:10:00
24964.05,24964.05,24964.0,24964.0,100,407250,2024-08-21 11:11:00
24968.3,24978.15,24968.3,24977.95,150,407250,2024-08-21 11:12:00
24977.0,24977.0,24977.0,24977.0,25,407550,2024-08-21 11:13:00
24977.0,24977.95,24975.0,24975.0,225,407550,2024-08-21 11:14:00
24980.85,24982.3,24980.85,24982.3,1000,407550,2024-08-21 11:15:00
24984.8,24984.8,24984.8,24984.8,50,408425,2024-08-21 11:16:00
24984.8,24984.8,24980.0,24980.0,325,408425,2024-08-21 11:17:00
24975.0,24975.0,24975.0,24975.0,25,408425,2024-08-21 11:18:00
24975.0,24975.0,24975.0,24975.0,250,408650,2024-08-21 11:19:00
24979.6,24979.6,24979.6,24979.6,25,408650,2024-08-21 11:20:00
24980.3,24986.0,24980.3,24983.45,475,408650,2024-08-21 11:21:00
24982.65,24988.7,24982.65,24988.7,50,409275,2024-08-21 11:22:00
24994.65,24994.65,24986.45,24990.0,225,409275,2024-08-21 11:23:00
24994.8,24994.8,24992.25,24992.25,75,409275,2024-08-21 11:24:00
24991.9,25011.0,24991.9,25011.0,1075,409000,2024-08-21 11:25:00
25013.3,25013.3,25007.85,25007.85,100,409000,2024-08-21 11:26:00
25005.6,25005.6,24997.35,25005.0,175,409000,2024-08-21 11:27:00
25005.6,25007.0,25005.6,25007.0,50,408775,2024-08-21 11:28:00
25006.6,25006.6,25004.55,25004.55,75,408775,2024-08-21 11:29:00
25005.45,25005.45,25005.45,25005.45,200,408775,2024-08-21 11:30:00
24997.4,24999.95,24997.35,24999.95,125,408650,2024-08-21 11:31:00
24998.6,25001.9,24998.6,25001.9,75,408650,2024-08-21 11:32:00
25001.95,25005.0,24995.9,24995.9,100,408650,2024-08-21 11:33:00
24996.9,24996.9,24995.9,24995.9,75,408600,2024-08-21 11:34:00
24994.95,24999.95,24990.35,24990.35,150,408600,2024-08-21 11:35:00
24984.0,24984.0,24980.8,24980.8,100,408600,2024-08-21 11:36:00
24991.8,24991.8,24991.8,24991.8,75,408575,2024-08-21 11:37:00
24989.4,24989.4,24989.2,24989.2,50,408575,2024-08-21 11:38:00
24989.2,24989.2,24989.2,24989.2,0,0,2024-08-21 11:39:00
24988.8,24988.8,24982.0,24982.0,150,408625,2024-08-21 11:40:00
24980.8,24980.8,24980.0,24980.0,75,408625,2024-08-21 11:41:00
24980.0,24980.0,24980.0,24980.0,50,408625,2024-08-21 11:42:00
24980.0,24980.0,24980.0,24980.0,0,0,2024-08-21 11:43:00
24980.0,24980.0,24980.0,24980.0,25,408675,2024-08-21 11:44:00
24980.0,24985.95,24980.0,24980.5,100,408675,2024-08-21 11:45:00
24983.6,24983.65,24974.5,24974.5,375,408625,2024-08-21 11:46:00
24984.35,24985.55,24984.35,24985.55,75,408625,2024-08-21 11:47:00
24988.8,24988.8,24981.05,24981.05,50,408625,2024-08-21 11:48:00
24990.0,24992.3,24990.0,24992.3,475,409025,2024-08-21 11:49:00
24992.3,24992.3,24992.3,24992.3,0,0,2024-08-21 11:50:00
24992.3,24992.3,24992.3,24992.3,0,0,2024-08-21 11:51:00
24992.3,24992.3,24992.3,24992.3,50,409050,2024-08-21 11:52:00
24992.3,24992.3,24992.3,24992.3,125,409050,2024-08-21 11:53:00
24992.3,24992.3,24992.3,24992.3,200,409050,2024-08-21 11:54:00
24995.0,24995.0,24995.0,24995.0,50,409100,2024-08-21 11:55:00
24995.0,24995.0,24995.0,24995.0,25,409100,2024-08-21 11:56:00
24995.0,24998.0,24995.0,24998.0,100,409100,2024-08-21 11:57:00
24998.0,24998.0,24998.0,24998.0,50,409125,2024-08-21 11:58:00
24995.05,24995.05,24995.05,24995.05,450,409125,2024-08-21 11:59:00
24995.05,24995.05,24995.05,24995.05,50,409125,2024-08-21 12:00:00
24995.5,24995.5,24994.15,24994.15,550,409600,2024-08-21 12:01:00
24999.55,24999.55,24999.55,24999.55,75,409600,2024-08-21 12:02:00
24999.55,24999.55,24999.55,24999.55,0,0,2024-08-21 12:03:00
24999.55,25005.45,24999.55,25005.45,250,409625,2024-08-21 12:04:00
25005.0,25010.0,25005.0,25010.0,100,409625,2024-08-21 12:05:00
25010.0,25010.0,25007.25,25008.45,500,409625,2024-08-21 12:06:00
25008.95,25008.95,25005.45,25005.45,275,409825,2024-08-21 12:07:00
25006.45,25006.45,25006.45,25006.45,75,409825,2024-08-21 12:08:00
25006.45,25006.45,25006.45,25006.45,0,0,2024-08-21 12:09:00
25005.3,25006.05,25005.3,25006.05,50,409975,2024-08-21 12:10:00
25010.0,25010.0,25004.55,25004.55,150,409975,2024-08-21 12:11:00
25005.0,25005.0,25005.0,25005.0,25,409975,2024-08-21 12:12:00
25002.4,25002.4,24996.8,24996.8,125,409925,2024-08-21 12:13:00
24994.75,24997.95,24994.75,24997.95,100,409925,2024-08-21 12:14:00
25004.95,25004.95,25004.95,25004.95,75,409925,2024-08-21 12:15:00
25004.95,25004.95,25004.95,25004.95,0,0,2024-08-21 12:16:00
25004.95,25004.95,25004.95,25004.95,0,0,2024-08-21 12:17:00
25004.95,25004.95,25004.95,25004.95,25,409925,2024-08-21 12:18:00
25002.0,25002.0,24996.75,24996.75,100,409925,2024-08-21 12:19:00
24993.95,25001.05,24993.95,25000.4,225,409925,2024-08-21 12:20:00
24999.3,25003.7,24999.3,25003.7,50,409925,2024-08-21 12:21:00
25002.0,25003.7,25002.0,25003.7,275,409925,2024-08-21 12:22:00
25003.7,25003.7,25003.7,25003.7,0,0,2024-08-21 12:23:00
25003.7,25003.7,25003.7,25003.7,0,0,2024-08-21 12:24:00
25003.65,25003.65,25003.65,25003.65,25,409850,2024-08-21 12:25:00
25000.0,25000.0,24997.85,24999.95,75,409850,2024-08-21 12:26:00
25000.0,25000.0,25000.0,25000.0,100,409850,2024-08-21 12:27:00
25000.0,25000.0,25000.0,25000.0,0,0,2024-08-21 12:28:00
25003.0,25003.0,24999.0,25001.7,100,409900,2024-08-21 12:29:00
25003.65,25010.0,25003.65,25010.0,600,409900,2024-08-21 12:30:00
25013.15,25013.15,25010.0,25010.0,1050,409025,2024-08-21 12:31:00
25010.0,25010.0,25010.0,25010.0,25,409025,2024-08-21 12:32:00
25010.0,25010.0,25010.0,25010.0,0,0,2024-08-21 12:33:00
25010.0,25015.0,25010.0,25015.0,175,409050,2024-08-21 12:34:00
25020.0,25020.0,25011.0,25011.0,550,409050,2024-08-21 12:35:00
25011.05,25011.05,25011.0,25011.0,50,409050,2024-08-21 12:36:00
25011.0,25011.0,25011.0,25011.0,0,0,2024-08-21 12:37:00
25010.75,25010.75,25010.75,25010.75,50,408875,2024-08-21 12:38:00
25000.1,25000.1,25000.1,25000.1,50,408875,2024-08-21 12:39:00
25004.45,25004.45,25004.45,25004.45,50,408900,2024-08-21 12:40:00
25001.45,25004.05,25001.45,25004.05,100,408900,2024-08-21 12:41:00
25004.85,25004.85,25004.85,25004.85,25,408900,2024-08-21 12:42:00
25004.85,25004.85,25004.85,25004.85,0,0,2024-08-21 12:43:00
25010.75,25010.75,25010.75,25010.75,75,408900,2024-08-21 12:44:00
25007.75,25011.0,25006.65,25006.65,75,408900,2024-08-21 12:45:00
25004.3,25007.85,25004.0,25004.7,300,409075,2024-08-21 12:46:00
25004.7,25005.0,25004.7,25005.0,50,409075,2024-08-21 12:47:00
25007.0,25011.0,25007.0,25008.85,100,409075,2024-08-21 12:48:00
25009.75,25010.85,25009.5,25010.6,200,409150,2024-08-21 12:49:00
25010.95,25010.95,25010.95,25010.95,50,409150,2024-08-21 12:50:00
25009.45,25009.45,25003.1,25003.1,75,409150,2024-08-21 12:51:00
25003.1,25003.1,25003.1,25003.1,0,0,2024-08-21 12:52:00
25003.1,25003.1,25003.1,25003.1,0,0,2024-08-21 12:53:00
25003.1,25003.1,25003.1,25003.1,0,0,2024-08-21 12:54:00
25003.1,25003.1,25003.0,25003.0,50,409175,2024-08-21 12:55:00
25003.0,25003.0,24999.0,24999.0,250,409175,2024-08-21 12:56:00
24999.0,25003.0,24999.0,25003.0,525,409175,2024-08-21 12:57:00
24994.75,24994.75,24994.75,24994.75,800,409850,2024-08-21 12:58:00
25001.0,25001.0,25001.0,25001.0,25,409850,2024-08-21 12:59:00
25007.7,25008.0,25007.05,25007.05,150,409850,2024-08-21 13:00:00
25007.05,25007.05,25007.05,25007.05,0,0,2024-08-21 13:01:00
25007.05,25007.1,25003.55,25004.35,125,410150,2024-08-21 13:02:00
25003.15,25003.15,25002.0,25002.35,125,410150,2024-08-21 13:03:00
25002.0,25002.0,25002.0,25002.0,175,410250,2024-08-21 13:04:00
25003.0,25004.05,25002.0,25004.05,250,410250,2024-08-21 13:05:00
25006.0,25006.0,25006.0,25006.0,25,410250,2024-08-21 13:06:00
25007.15,25010.95,25007.15,25010.0,125,410625,2024-08-21 13:07:00
25010.0,25010.0,25003.7,25003.7,75,410625,2024-08-21 13:08:00
25002.0,25002.0,25002.0,25002.0,25,410625,2024-08-21 13:09:00
25002.0,25006.75,25002.0,25006.75,100,410800,2024-08-21 13:10:00
25002.0,25002.0,25002.0,25002.0,25,410800,2024-08-21 13:11:00
25002.0,25002.0,25002.0,25002.0,0,0,2024-08-21 13:12:00
25002.0,25002.0,25002.0,25002.0,175,410800,2024-08-21 13:13:00
25002.0,25002.0,25002.0,25002.0,0,0,2024-08-21 13:14:00
25011.0,25012.65,25011.0,25012.65,250,410800,2024-08-21 13:15:00
25010.15,25010.15,25010.15,25010.15,25,410800,2024-08-21 13:16:00
25007.0,25007.0,25007.0,25007.0,25,411000,2024-08-21 13:17:00
25003.9,25003.9,24996.4,24996.7,125,411000,2024-08-21 13:18:00
24996.7,24996.7,24996.15,24996.15,125,411025,2024-08-21 13:19:00
24990.0,24997.15,24987.85,24997.15,400,411025,2024-08-21 13:20:00
24992.5,24992.5,24992.5,24992.5,25,411025,2024-08-21 13:21:00
24992.0,24992.0,24986.35,24990.05,75,411050,2024-08-21 13:22:00
24985.75,24992.5,24984.5,24992.5,825,411050,2024-08-21 13:23:00
24986.35,24990.2,24980.05,24990.2,425,411050,2024-08-21 13:24:00
24991.0,24991.0,24991.0,24991.0,350,410925,2024-08-21 13:25:00
24986.2,24991.95,24986.2,24991.95,50,410925,2024-08-21 13:26:00
24992.0,24992.0,24992.0,24992.0,50,410925,2024-08-21 13:27:00
24992.0,24992.0,24992.0,24992.0,0,0,2024-08-21 13:28:00
25000.0,25000.0,25000.0,25000.0,75,410875,2024-08-21 13:29:00
25001.25,25003.25,25000.05,25003.25,250,410875,2024-08-21 13:30:00
25003.35,25005.0,25003.0,25003.0,75,410850,2024-08-21 13:31:00
25003.35,25003.35,25003.35,25003.35,25,410850,2024-08-21 13:32:00
25003.15,25003.15,25002.9,25002.9,175,410850,2024-08-21 13:33:00
25000.05,25000.05,24999.0,24999.0,100,410825,2024-08-21 13:34:00
25000.0,25000.0,25000.0,25000.0,25,410825,2024-08-21 13:35:00
25000.05,25000.05,25000.05,25000.05,25,410825,2024-08-21 13:36:00
25003.3,25003.35,25003.3,25003.35,100,410825,2024-08-21 13:37:00
25003.35,25003.35,25003.35,25003.35,0,0,2024-08-21 13:38:00
25004.0,25009.2,25003.0,25009.2,150,410775,2024-08-21 13:39:00
25009.2,25009.2,25009.2,25009.2,0,0,2024-08-21 13:40:00
25009.2,25009.2,25009.2,25009.2,0,0,2024-08-21 13:41:00
25010.0,25010.0,25010.0,25010.0,100,410775,2024-08-21 13:42:00
25010.0,25010.0,25010.0,25010.0,275,410825,2024-08-21 13:43:00
25009.15,25012.0,25009.15,25011.0,275,410825,2024-08-21 13:44:00
25012.25,25018.2,25012.25,25018.2,225,410825,2024-08-21 13:45:00
25018.2,25018.2,25018.2,25018.2,25,410825,2024-08-21 13:46:00
25018.2,25018.2,25015.65,25015.65,75,410775,2024-08-21 13:47:00
25011.3,25019.7,25011.3,25019.7,125,410775,2024-08-21 13:48:00
25015.05,25019.75,25015.05,25019.75,75,410825,2024-08-21 13:49:00
25018.3,25020.1,25018.05,25020.1,275,410825,2024-08-21 13:50:00
25016.1,25023.75,25016.1,25018.9,200,410825,2024-08-21 13:51:00
25017.9,25023.75,25017.9,25019.75,575,410975,2024-08-21 13:52:00
25017.0,25017.0,25017.0,25017.0,50,410975,2024-08-21 13:53:00
25012.8,25019.9,25012.8,25019.9,175,410975,2024-08-21 13:54:00
25017.6,25017.6,25017.6,25017.6,25,410975,2024-08-21 13:55:00
25020.0,25020.0,25018.05,25018.25,125,411275,2024-08-21 13:56:00
25020.0,25020.0,25017.6,25017.6,200,411275,2024-08-21 13:57:00
25017.6,25017.6,25017.6,25017.6,25,411275,2024-08-21 13:58:00
25014.2,25014.2,25010.0,25010.0,200,411300,2024-08-21 13:59:00
25014.75,25014.75,25014.75,25014.75,25,411300,2024-08-21 14:00:00
25014.75,25014.75,25014.0,25014.0,125,411250,2024-08-21 14:01:00
25015.75,25020.0,25015.75,25020.0,475,411250,2024-08-21 14:02:00
25014.65,25015.0,25014.65,25015.0,1525,411250,2024-08-21 14:03:00
25015.0,25015.0,25015.0,25015.0,0,0,2024-08-21 14:04:00
25018.65,25020.0,25017.25,25020.0,200,410925,2024-08-21 14:05:00
25019.2,25023.75,25019.2,25022.0,400,410925,2024-08-21 14:06:00
25022.0,25022.35,25020.1,25021.3,175,411200,2024-08-21 14:07:00
25020.1,25020.1,25020.1,25020.1,75,411200,2024-08-21 14:08:00
25018.85,25018.85,25015.6,25015.6,50,411200,2024-08-21 14:09:00
25018.0,25020.0,25018.0,25020.0,100,411200,2024-08-21 14:10:00
25020.0,25020.0,25020.0,25020.0,25,411300,2024-08-21 14:11:00
25023.8,25025.0,25023.8,25025.0,2525,411300,2024-08-21 14:12:00
25028.0,25028.0,25020.4,25020.4,75,411375,2024-08-21 14:13:00
25021.0,25021.0,25021.0,25021.0,50,411375,2024-08-21 14:14:00
25022.5,25026.95,25022.5,25023.7,225,411375,2024-08-21 14:15:00
25025.0,25025.0,25017.55,25017.55,50,411300,2024-08-21 14:16:00
25017.55,25017.55,25017.55,25017.55,0,0,2024-08-21 14:17:00
25010.95,25010.95,25008.55,25010.9,650,411300,2024-08-21 14:18:00
25010.95,25016.35,25010.0,25016.35,150,411500,2024-08-21 14:19:00
25013.4,25013.4,25013.4,25013.4,25,411500,2024-08-21 14:20:00
25017.0,25019.3,25017.0,25019.3,200,411500,2024-08-21 14:21:00
25019.3,25019.3,25019.3,25019.3,0,0,2024-08-21 14:22:00
25020.0,25020.0,25020.0,25020.0,25,411600,2024-08-21 14:23:00
25020.0,25020.0,25020.0,25020.0,25,411600,2024-08-21 14:24:00
25020.0,25024.95,25020.0,25022.75,575,411675,2024-08-21 14:25:00
25022.0,25022.0,25022.0,25022.0,25,411675,2024-08-21 14:26:00
25020.0,25020.0,25013.3,25013.3,250,411675,2024-08-21 14:27:00
25013.0,25017.95,25012.75,25017.95,125,411675,2024-08-21 14:28:00
25017.95,25022.65,25017.95,25022.65,125,411700,2024-08-21 14:29:00
25015.05,25019.45,25015.0,25015.0,125,411700,2024-08-21 14:30:00
25013.4,25013.4,25008.05,25008.05,200,411700,2024-08-21 14:31:00
25010.45,25010.45,25002.3,25002.3,50,411700,2024-08-21 14:32:00
25002.9,25006.85,25002.9,25006.6,675,411700,2024-08-21 14:33:00
25005.0,25005.2,25005.0,25005.2,275,411925,2024-08-21 14:34:00
25006.7,25006.7,25006.7,25006.7,100,411925,2024-08-21 14:35:00
25013.05,25013.05,25013.05,25013.05,25,411925,2024-08-21 14:36:00
25013.0,25013.0,25010.0,25010.0,75,411925,2024-08-21 14:37:00
25005.3,25005.3,25000.1,25000.1,150,411925,2024-08-21 14:38:00
25000.15,25005.65,25000.0,25000.0,125,411925,2024-08-21 14:39:00
25001.0,25001.9,25000.05,25001.9,100,411925,2024-08-21 14:40:00
25001.9,25001.9,25000.0,25000.0,275,411925,2024-08-21 14:41:00
25000.0,25001.9,25000.0,25001.9,275,411925,2024-08-21 14:42:00
25003.0,25009.8,25003.0,25009.55,300,411925,2024-08-21 14:43:00
25009.0,25009.0,25009.0,25009.0,50,412450,2024-08-21 14:44:00
25009.55,25009.75,25009.55,25009.75,125,412450,2024-08-21 14:45:00
25010.9,25015.0,25010.9,25015.0,50,412625,2024-08-21 14:46:00
25015.75,25020.0,25015.75,25017.75,175,412625,2024-08-21 14:47:00
25020.0,25022.95,25017.6,25021.5,300,412625,2024-08-21 14:48:00
25017.7,25021.85,25017.7,25021.85,200,412600,2024-08-21 14:49:00
25021.4,25021.7,25015.55,25021.7,325,412600,2024-08-21 14:50:00
25024.85,25024.85,25021.8,25021.8,175,412600,2024-08-21 14:51:00
25024.85,25024.85,25024.85,25024.85,75,412600,2024-08-21 14:52:00
25024.75,25024.75,25020.0,25020.0,125,412675,2024-08-21 14:53:00
25024.8,25024.8,25023.45,25023.45,50,412675,2024-08-21 14:54:00
25020.0,25020.0,25020.0,25020.0,75,412825,2024-08-21 14:55:00
25016.0,25019.75,25016.0,25016.0,125,412825,2024-08-21 14:56:00
25016.0,25021.0,25016.0,25021.0,325,412825,2024-08-21 14:57:00
25020.5,25021.0,25020.0,25021.0,375,412975,2024-08-21 14:58:00
25020.0,25021.0,25019.35,25021.0,800,412975,2024-08-21 14:59:00
25021.0,25029.0,25021.0,25027.55,1100,412975,2024-08-21 15:00:00
25029.0,25042.85,25029.0,25042.85,2750,413375,2024-08-21 15:01:00
25040.7,25046.95,25037.15,25037.15,1025,413375,2024-08-21 15:02:00
25037.15,25038.15,25035.35,25036.0,225,413375,2024-08-21 15:03:00
25036.15,25040.0,25036.0,25040.0,450,413775,2024-08-21 15:04:00
25045.0,25045.0,25040.0,25040.0,1650,413775,2024-08-21 15:05:00
25039.0,25042.0,25039.0,25042.0,300,413775,2024-08-21 15:06:00
25042.95,25044.75,25042.95,25043.8,175,413775,2024-08-21 15:07:00
25044.75,25045.0,25042.0,25043.95,275,413950,2024-08-21 15:08:00
25041.05,25045.0,25041.0,25041.85,525,413950,2024-08-21 15:09:00
25043.0,25045.0,25041.0,25041.05,300,414250,2024-08-21 15:10:00
25044.95,25044.95,25037.45,25037.45,950,414250,2024-08-21 15:11:00
25035.95,25040.6,25035.95,25038.0,225,414250,2024-08-21 15:12:00
25038.0,25040.6,25038.0,25040.0,175,414250,2024-08-21 15:13:00
25040.0,25040.6,25040.0,25040.6,125,414250,2024-08-21 15:14:00
25040.0,25043.15,25040.0,25040.05,675,414250,2024-08-21 15:15:00
25040.05,25042.95,25039.15,25039.15,1450,414850,2024-08-21 15:16:00
25040.0,25043.0,25038.8,25043.0,700,414850,2024-08-21 15:17:00
25040.45,25045.0,25040.45,25045.0,300,414850,2024-08-21 15:18:00
25045.0,25050.0,25045.0,25048.0,1900,413875,2024-08-21 15:19:00
25048.0,25048.4,25047.0,25048.0,400,413875,2024-08-21 15:20:00
25048.0,25048.0,25047.0,25047.0,450,413875,2024-08-21 15:21:00
25047.0,25048.0,25045.2,25047.0,350,413900,2024-08-21 15:22:00
25045.2,25047.0,25043.1,25047.0,450,413900,2024-08-21 15:23:00
25047.0,25048.9,25043.2,25048.4,625,413900,2024-08-21 15:24:00
25047.0,25048.9,25047.0,25048.45,375,413900,2024-08-21 15:25:00
25048.0,25049.8,25048.0,25049.35,975,413950,2024-08-21 15:26:00
25049.75,25050.0,25048.5,25050.0,1125,413950,2024-08-21 15:27:00
25049.7,25049.7,25043.05,25046.25,2975,416050,2024-08-21 15:28:00
25046.25,25048.55,25046.25,25046.25,1000,416050,2024-08-21 15:29:00
25046.6,25101.15,25046.6,25099.25,10650,417375,2024-08-22 09:15:00
25100.0,25104.4,25090.0,25095.0,2200,417375,2024-08-22 09:16:00
25090.0,25107.3,25090.0,25096.2,6650,417375,2024-08-22 09:17:00
25097.15,25097.2,25090.0,25095.0,2050,419825,2024-08-22 09:18:00
25095.0,25095.0,25087.05,25092.95,925,419825,2024-08-22 09:19:00
25093.45,25093.45,25070.0,25070.0,1175,419825,2024-08-22 09:20:00
25075.15,25086.95,25070.05,25086.95,1075,420725,2024-08-22 09:21:00
25084.95,25085.25,25075.0,25075.0,1250,420725,2024-08-22 09:22:00
25078.45,25078.45,25075.1,25077.0,575,420725,2024-08-22 09:23:00
25079.95,25083.3,25075.0,25075.05,1250,420925,2024-08-22 09:24:00
25076.5,25082.15,25071.45,25075.0,475,420925,2024-08-22 09:25:00
25074.9,25082.55,25074.55,25082.55,275,420925,2024-08-22 09:26:00
25082.55,25087.9,25082.55,25084.5,450,421350,2024-08-22 09:27:00
25081.0,25088.8,25081.0,25085.0,275,421350,2024-08-22 09:28:00
25089.55,25097.95,25087.55,25097.95,750,421350,2024-08-22 09:29:00
25097.95,25105.0,25097.95,25100.9,1125,422225,2024-08-22 09:30:00
25104.9,25104.95,25100.0,25100.0,600,422225,2024-08-22 09:31:00
25102.0,25104.8,25095.15,25095.15,875,422225,2024-08-22 09:32:00
25096.35,25100.85,25096.35,25100.85,1075,422350,2024-08-22 09:33:00
25100.0,25100.0,25099.0,25099.0,150,422350,2024-08-22 09:34:00
25099.0,25102.0,25097.7,25102.0,500,422350,2024-08-22 09:35:00
25102.65,25106.1,25102.4,25106.1,850,422975,2024-08-22 09:36:00
25107.85,25107.85,25102.6,25106.95,700,422975,2024-08-22 09:37:00
25106.95,25106.95,25101.0,25101.0,250,422975,2024-08-22 09:38:00
25100.0,25100.0,25099.95,25099.95,975,423900,2024-08-22 09:39:00
25098.0,25102.15,25097.75,25102.15,800,423900,2024-08-22 09:40:00
25102.15,25105.65,25094.5,25094.5,575,423900,2024-08-22 09:41:00
25098.3,25098.3,25095.0,25095.0,350,424100,2024-08-22 09:42:00
25095.0,25095.0,25092.1,25092.1,200,424100,2024-08-22 09:43:00
25098.0,25098.0,25092.15,25092.15,150,424100,2024-08-22 09:44:00
25092.1,25096.95,25092.1,25095.0,200,424175,2024-08-22 09:45:00
25092.0,25092.0,25087.45,25087.45,200,424175,2024-08-22 09:46:00
25089.0,25092.5,25085.6,25085.6,900,424175,2024-08-22 09:47:00
25085.6,25091.0,25077.5,25077.5,950,424625,2024-08-22 09:48:00
25074.0,25078.15,25071.05,25074.75,1225,424625,2024-08-22 09:49:00
25070.0,25076.0,25070.0,25075.45,1025,424625,2024-08-22 09:50:00
25076.4,25076.4,25065.0,25065.0,2075,425325,2024-08-22 09:51:00
25065.0,25066.0,25062.0,25062.0,725,425325,2024-08-22 09:52:00
25060.85,25070.0,25060.85,25069.95,650,425325,2024-08-22 09:53:00
25070.0,25075.0,25065.0,25065.0,825,427025,2024-08-22 09:54:00
25065.0,25071.2,25060.05,25060.05,1350,427025,2024-08-22 09:55:00
25062.95,25068.1,25060.05,25060.05,450,427025,2024-08-22 09:56:00
25066.45,25069.3,25056.5,25069.3,725,427475,2024-08-22 09:57:00
25069.95,25077.5,25065.0,25077.5,1025,427475,2024-08-22 09:58:00
25076.7,25085.0,25076.7,25084.15,450,427475,2024-08-22 09:59:00
25080.5,25094.05,25080.5,25088.75,750,428150,2024-08-22 10:00:00
25080.05,25085.95,25080.05,25085.65,100,428150,2024-08-22 10:01:00
25086.0,25086.0,25075.0,25075.0,225,428150,2024-08-22 10:02:00
25075.0,25075.0,25070.75,25074.0,125,428325,2024-08-22 10:03:00
25079.6,25079.6,25074.05,25078.0,350,428325,2024-08-22 10:04:00
25078.0,25082.9,25075.05,25082.9,550,428325,2024-08-22 10:05:00
25082.55,25082.55,25078.65,25078.65,100,428050,2024-08-22 10:06:00
25078.35,25078.35,25070.5,25070.5,800,428050,2024-08-22 10:07:00
25071.0,25071.0,25070.0,25070.0,125,428050,2024-08-22 10:08:00
25070.0,25070.0,25070.0,25070.0,0,0,2024-08-22 10:09:00
25070.55,25075.85,25066.05,25066.05,600,428425,2024-08-22 10:10:00
25066.0,25070.0,25066.0,25070.0,525,428425,2024-08-22 10:11:00
25079.9,25080.0,25079.0,25080.0,150,428425,2024-08-22 10:12:00
25083.75,25084.7,25080.0,25081.8,225,428975,2024-08-22 10:13:00
25082.7,25082.7,25073.7,25080.0,225,428975,2024-08-22 10:14:00
25080.85,25081.55,25080.55,25080.55,75,428975,2024-08-22 10:15:00
25073.75,25077.9,25073.75,25077.9,250,429025,2024-08-22 10:16:00
25073.7,25073.7,25073.7,25073.7,25,429025,2024-08-22 10:17:00
25073.85,25073.85,25073.7,25073.7,50,429025,2024-08-22 10:18:00
25078.7,25078.7,25070.05,25070.05,300,429150,2024-08-22 10:19:00
25073.95,25073.95,25073.95,25073.95,75,429150,2024-08-22 10:20:00
25070.55,25077.5,25070.55,25070.55,325,429150,2024-08-22 10:21:00
25077.4,25077.4,25075.0,25075.0,100,429250,2024-08-22 10:22:00
25080.0,25080.0,25075.0,25075.0,125,429250,2024-08-22 10:23:00
25076.0,25076.0,25076.0,25076.0,25,429250,2024-08-22 10:24:00
25080.0,25082.1,25080.0,25082.1,125,429325,2024-08-22 10:25:00
25082.1,25084.9,25080.0,25084.9,275,429325,2024-08-22 10:26:00
25083.0,25083.0,25082.5,25082.5,125,429325,2024-08-22 10:27:00
25080.0,25080.0,25080.0,25080.0,25,429450,2024-08-22 10:28:00
25075.0,25075.0,25075.0,25075.0,75,429450,2024-08-22 10:29:00
25079.0,25079.0,25075.0,25075.0,75,429450,2024-08-22 10:30:00
25075.0,25080.0,25075.0,25080.0,75,429525,2024-08-22 10:31:00
25079.0,25080.0,25079.0,25080.0,150,429525,2024-08-22 10:32:00
25079.45,25084.95,25079.45,25084.95,250,429525,2024-08-22 10:33:00
25086.0,25086.0,25086.0,25086.0,100,429675,2024-08-22 10:34:00
25086.0,25086.0,25084.95,25084.95,250,429675,2024-08-22 10:35:00
25084.95,25084.95,25084.95,25084.95,75,429675,2024-08-22 10:36:00
25084.95,25085.0,25084.95,25085.0,125,430000,2024-08-22 10:37:00
25085.0,25090.0,25084.0,25084.0,200,430000,2024-08-22 10:38:00
25089.95,25089.95,25084.1,25084.1,150,430000,2024-08-22 10:39:00
25083.9,25089.9,25083.9,25089.9,125,430200,2024-08-22 10:40:00
25089.9,25090.0,25089.9,25090.0,225,430200,2024-08-22 10:41:00
25090.0,25090.0,25090.0,25090.0,100,430200,2024-08-22 10:42:00
25090.0,25094.2,25090.0,25094.2,175,430275,2024-08-22 10:43:00
25094.55,25094.85,25093.85,25093.9,425,430275,2024-08-22 10:44:00
25093.8,25093.8,25093.8,25093.8,25,430275,2024-08-22 10:45:00
25093.8,25095.0,25091.1,25091.1,250,430450,2024-08-22 10:46:00
25090.25,25090.25,25090.25,25090.25,125,430450,2024-08-22 10:47:00
25090.0,25095.0,25090.0,25090.05,275,430450,2024-08-22 10:48:00
25090.05,25090.05,25090.0,25090.0,125,430475,2024-08-22 10:49:00
25090.0,25093.95,25090.0,25093.95,300,430475,2024-08-22 10:50:00
25090.0,25094.55,25090.0,25094.55,325,430475,2024-08-22 10:51:00
25094.55,25094.55,25090.0,25090.0,425,430375,2024-08-22 10:52:00
25090.0,25090.0,25087.0,25087.0,225,430375,2024-08-22 10:53:00
25087.0,25087.0,25085.0,25087.0,100,430375,2024-08-22 10:54:00
25088.95,25088.95,25086.0,25088.0,150,430450,2024-08-22 10:55:00
25084.85,25084.85,25084.15,25084.15,50,430450,2024-08-22 10:56:00
25085.65,25085.65,25085.65,25085.65,25,430450,2024-08-22 10:57:00
25085.75,25088.05,25085.7,25088.05,350,430400,2024-08-22 10:58:00
25090.0,25090.0,25090.0,25090.0,75,430400,2024-08-22 10:59:00
25088.0,25088.0,25088.0,25088.0,150,430400,2024-08-22 11:00:00
25087.0,25087.0,25085.7,25086.0,175,430300,2024-08-22 11:01:00
25085.7,25085.7,25080.0,25085.7,1625,430300,2024-08-22 11:02:00
25084.3,25084.9,25084.3,25084.9,50,430300,2024-08-22 11:03:00
25080.95,25080.95,25080.55,25080.55,650,431100,2024-08-22 11:04:00
25086.95,25086.95,25080.0,25080.05,150,431100,2024-08-22 11:05:00
25085.85,25085.85,25085.85,25085.85,25,431100,2024-08-22 11:06:00
25085.6,25085.6,25080.05,25080.05,100,431250,2024-08-22 11:07:00
25080.05,25084.9,25080.0,25084.7,150,431250,2024-08-22 11:08:00
25084.7,25084.75,25080.0,25083.85,100,431250,2024-08-22 11:09:00
25085.0,25086.95,25084.95,25086.95,125,431275,2024-08-22 11:10:00
25086.95,25086.95,25085.0,25085.0,225,431275,2024-08-22 11:11:00
25085.0,25085.0,25083.9,25084.0,175,431275,2024-08-22 11:12:00
25083.8,25085.0,25083.65,25085.0,1050,431325,2024-08-22 11:13:00
25085.0,25085.0,25085.0,25085.0,0,0,2024-08-22 11:14:00
25085.0,25090.0,25085.0,25090.0,50,431325,2024-08-22 11:15:00
25088.0,25088.0,25088.0,25088.0,50,431300,2024-08-22 11:16:00
25085.1,25088.0,25085.1,25088.0,75,431300,2024-08-22 11:17:00
25088.0,25088.0,25088.0,25088.0,0,0,2024-08-22 11:18:00
25085.0,25087.75,25085.0,25087.75,100,431325,2024-08-22 11:19:00
25083.0,25083.9,25082.85,25083.9,150,431325,2024-08-22 11:20:00
25083.85,25083.85,25083.0,25083.0,150,431325,2024-08-22 11:21:00
25087.55,25090.0,25086.3,25086.3,325,431325,2024-08-22 11:22:00
25090.0,25090.0,25090.0,25090.0,75,431325,2024-08-22 11:23:00
25089.85,25089.85,25086.4,25086.4,50,431325,2024-08-22 11:24:00
25085.25,25088.75,25085.25,25087.35,100,431250,2024-08-22 11:25:00
25090.0,25090.0,25087.3,25087.5,200,431250,2024-08-22 11:26:00
25088.6,25092.35,25088.6,25089.15,500,431250,2024-08-22 11:27:00
25090.0,25090.0,25090.0,25090.0,25,431250,2024-08-22 11:28:00
25088.85,25090.0,25088.65,25090.0,225,431350,2024-08-22 11:29:00
25090.45,25093.8,25090.45,25092.55,100,431350,2024-08-22 11:30:00
25090.0,25093.35,25090.0,25090.0,100,431375,2024-08-22 11:31:00
25090.0,25091.8,25090.0,25090.45,200,431375,2024-08-22 11:32:00
25088.0,25090.8,25088.0,25089.0,125,431375,2024-08-22 11:33:00
25090.0,25090.0,25087.9,25088.0,675,431600,2024-08-22 11:34:00
25088.0,25088.0,25088.0,25088.0,0,0,2024-08-22 11:35:00
25088.0,25091.1,25088.0,25091.1,125,431600,2024-08-22 11:36:00
25089.4,25092.0,25088.6,25088.6,1075,431775,2024-08-22 11:37:00
25089.15,25092.4,25089.15,25092.4,575,431775,2024-08-22 11:38:00
25092.5,25099.9,25092.5,25096.45,625,431775,2024-08-22 11:39:00
25095.8,25105.0,25094.55,25105.0,1725,431925,2024-08-22 11:40:00
25105.5,25110.9,25103.95,25110.0,1125,431925,2024-08-22 11:41:00
25110.0,25110.0,25106.7,25107.3,300,431925,2024-08-22 11:42:00
25107.4,25109.05,25107.4,25109.05,425,432850,2024-08-22 11:43:00
25110.0,25110.2,25109.05,25110.2,200,432850,2024-08-22 11:44:00
25110.2,25111.0,25105.05,25105.05,500,432850,2024-08-22 11:45:00
25105.35,25105.35,25105.1,25105.1,225,432500,2024-08-22 11:46:00
25105.1,25106.0,25105.05,25105.8,200,432500,2024-08-22 11:47:00
25105.05,25105.05,25105.05,25105.05,75,432500,2024-08-22 11:48:00
25105.4,25106.0,25105.0,25105.0,250,432500,2024-08-22 11:49:00
25105.0,25105.35,25105.0,25105.0,300,432500,2024-08-22 11:50:00
25108.0,25108.0,25105.0,25105.0,100,432500,2024-08-22 11:51:00
25106.7,25106.7,25105.85,25106.0,100,432625,2024-08-22 11:52:00
25105.0,25105.0,25105.0,25105.0,125,432625,2024-08-22 11:53:00
25105.0,25105.0,25100.0,25103.9,300,432625,2024-08-22 11:54:00
25100.0,25100.0,25100.0,25100.0,50,432550,2024-08-22 11:55:00
25100.0,25100.0,25100.0,25100.0,825,432550,2024-08-22 11:56:00
25101.95,25101.95,25101.0,25101.0,75,432550,2024-08-22 11:57:00
25101.0,25105.7,25101.0,25105.7,325,432750,2024-08-22 11:58:00
25105.65,25105.65,25105.65,25105.65,100,432750,2024-08-22 11:59:00
25105.0,25105.0,25105.0,25105.0,25,432750,2024-08-22 12:00:00
25100.05,25100.05,25098.9,25098.9,400,432925,2024-08-22 12:01:00
25104.0,25104.0,25104.0,25104.0,25,432925,2024-08-22 12:02:00
25100.1,25100.55,25100.1,25100.55,50,432925,2024-08-22 12:03:00
25100.55,25102.0,25100.55,25102.0,50,432900,2024-08-22 12:04:00
25100.15,25100.15,25100.0,25100.0,100,432900,2024-08-22 12:05:00
25100.0,25100.6,25100.0,25100.6,75,432900,2024-08-22 12:06:00
25100.0,25100.6,25100.0,25100.6,125,432950,2024-08-22 12:07:00
25100.0,25105.0,25100.0,25105.0,150,432950,2024-08-22 12:08:00
25101.35,25101.35,25101.05,25101.05,50,432950,2024-08-22 12:09:00
25101.05,25101.05,25100.55,25100.55,50,433175,2024-08-22 12:10:00
25100.1,25100.1,25095.0,25100.0,325,433175,2024-08-22 12:11:00
25100.0,25100.0,25100.0,25100.0,0,0,2024-08-22 12:12:00
25093.6,25095.0,25093.6,25094.0,100,433450,2024-08-22 12:13:00
25092.7,25094.0,25092.7,25094.0,50,433450,2024-08-22 12:14:00
25094.0,25094.0,25094.0,25094.0,0,0,2024-08-22 12:15:00
25095.1,25095.1,25095.1,25095.1,25,433500,2024-08-22 12:16:00
25099.95,25099.95,25097.0,25097.05,100,433500,2024-08-22 12:17:00
25100.0,25100.0,25099.0,25099.0,225,433500,2024-08-22 12:18:00
25094.5,25099.05,25093.65,25099.05,325,433600,2024-08-22 12:19:00
25099.05,25100.0,25098.0,25098.0,100,433600,2024-08-22 12:20:00
25096.65,25096.65,25096.65,25096.65,50,433600,2024-08-22 12:21:00
25099.0,25100.0,25099.0,25100.0,1050,433900,2024-08-22 12:22:00
25100.0,25100.0,25100.0,25100.0,75,433900,2024-08-22 12:23:00
25100.0,25100.0,25100.0,25100.0,50,433900,2024-08-22 12:24:00
25101.85,25101.85,25101.85,25101.85,25,434675,2024-08-22 12:25:00
25097.4,25097.4,25097.4,25097.4,75,434675,2024-08-22 12:26:00
25098.35,25100.0,25098.35,25100.0,75,434675,2024-08-22 12:27:00
25100.0,25100.0,25094.95,25095.7,225,434650,2024-08-22 12:28:00
25095.7,25095.7,25095.7,25095.7,0,0,2024-08-22 12:29:00
25095.65,25095.65,25091.6,25095.65,150,434650,2024-08-22 12:30:00
25095.0,25095.0,25095.0,25095.0,25,434775,2024-08-22 12:31:00
25093.45,25093.45,25093.0,25093.0,100,434775,2024-08-22 12:32:00
25095.0,25095.0,25091.95,25091.95,125,434775,2024-08-22 12:33:00
25094.3,25095.55,25094.3,25095.55,525,434875,2024-08-22 12:34:00
25098.0,25098.0,25098.0,25098.0,25,434875,2024-08-22 12:35:00
25100.0,25102.0,25100.0,25102.0,300,434875,2024-08-22 12:36:00
25102.0,25102.0,25097.5,25097.5,450,435075,2024-08-22 12:37:00
25097.5,25097.5,25095.25,25095.25,875,435075,2024-08-22 12:38:00
25095.25,25095.25,25095.25,25095.25,0,0,2024-08-22 12:39:00
25095.25,25095.25,25095.25,25095.25,0,0,2024-08-22 12:40:00
25095.25,25095.25,25095.25,25095.25,25,435150,2024-08-22 12:41:00
25095.0,25096.0,25095.0,25095.05,175,435150,2024-08-22 12:42:00
25095.0,25101.2,25094.95,25101.2,75,435350,2024-08-22 12:43:00
25101.2,25101.2,25101.2,25101.2,0,0,2024-08-22 12:44:00
25100.4,25100.4,25095.2,25095.85,275,435350,2024-08-22 12:45:00
25097.1,25103.95,25097.1,25097.7,225,435400,2024-08-22 12:46:00
25100.0,25100.0,25095.5,25096.3,100,435400,2024-08-22 12:47:00
25097.05,25097.25,25097.05,25097.25,75,435400,2024-08-22 12:48:00
25098.8,25103.85,25098.8,25100.5,100,435350,2024-08-22 12:49:00
25098.45,25098.6,25098.45,25098.6,250,435350,2024-08-22 12:50:00
25102.55,25103.0,25096.0,25102.95,475,435350,2024-08-22 12:51:00
25104.5,25105.95,25104.5,25104.5,625,435650,2024-08-22 12:52:00
25105.85,25106.95,25100.05,25106.95,100,435650,2024-08-22 12:53:00
25106.05,25106.05,25102.55,25102.55,175,435650,2024-08-22 12:54:00
25106.95,25106.95,25102.55,25102.55,75,435725,2024-08-22 12:55:00
25102.55,25105.1,25102.55,25105.0,300,435725,2024-08-22 12:56:00
25105.0,25105.0,25099.6,25099.6,450,435725,2024-08-22 12:57:00
25099.6,25099.6,25099.6,25099.6,50,436075,2024-08-22 12:58:00
25096.9,25099.6,25096.9,25099.6,50,436075,2024-08-22 12:59:00
25099.6,25099.6,25099.6,25099.6,0,0,2024-08-22 13:00:00
25097.0,25097.0,25095.0,25095.0,100,436150,2024-08-22 13:01:00
25097.15,25098.0,25095.0,25095.0,100,436150,2024-08-22 13:02:00
25095.05,25095.05,25089.0,25089.0,425,436150,2024-08-22 13:03:00
25088.0,25090.0,25081.25,25087.0,1050,436050,2024-08-22 13:04:00
25087.0,25087.0,25081.25,25086.0,225,436050,2024-08-22 13:05:00
25082.0,25088.0,25080.35,25088.0,750,436050,2024-08-22 13:06:00
25088.0,25088.0,25085.0,25088.0,75,435850,2024-08-22 13:07:00
25089.9,25089.9,25088.0,25088.0,125,435850,2024-08-22 13:08:00
25086.0,25086.05,25086.0,25086.05,225,435850,2024-08-22 13:09:00
25085.0,25085.0,25085.0,25085.0,50,436100,2024-08-22 13:10:00
25079.9,25081.4,25078.35,25078.35,825,436100,2024-08-22 13:11:00
25081.0,25081.8,25080.0,25080.0,125,436100,2024-08-22 13:12:00
25081.7,25081.7,25080.0,25080.0,100,436050,2024-08-22 13:13:00
25081.8,25081.8,25081.7,25081.7,150,436050,2024-08-22 13:14:00
25088.4,25088.4,25080.0,25086.0,775,436050,2024-08-22 13:15:00
25085.0,25087.1,25085.0,25087.0,475,436350,2024-08-22 13:16:00
25086.55,25086.9,25086.55,25086.9,100,436350,2024-08-22 13:17:00
25091.3,25093.05,25091.3,25093.05,50,436350,2024-08-22 13:18:00
25092.8,25092.8,25090.0,25090.0,50,436525,2024-08-22 13:19:00
25090.1,25091.85,25089.9,25089.9,825,436525,2024-08-22 13:20:00
25090.0,25090.0,25089.9,25089.9,400,436525,2024-08-22 13:21:00
25089.9,25089.9,25089.9,25089.9,25,436950,2024-08-22 13:22:00
25094.4,25094.4,25089.9,25089.9,100,436950,2024-08-22 13:23:00
25090.0,25090.0,25087.15,25087.15,325,436950,2024-08-22 13:24:00
25091.05,25091.05,25083.45,25089.9,250,436675,2024-08-22 13:25:00
25087.95,25087.95,25085.4,25085.5,225,436675,2024-08-22 13:26:00
25082.05,25082.05,25082.05,25082.05,25,436675,2024-08-22 13:27:00
25082.05,25084.5,25082.05,25084.5,100,436850,2024-08-22 13:28:00
25084.7,25084.7,25083.7,25083.7,100,436850,2024-08-22 13:29:00
25084.0,25087.7,25082.7,25082.7,550,436850,2024-08-22 13:30:00
25083.15,25091.0,25083.15,25091.0,200,437025,2024-08-22 13:31:00
25083.3,25083.3,25083.3,25083.3,100,437025,2024-08-22 13:32:00
25084.0,25084.0,25084.0,25084.0,25,437025,2024-08-22 13:33:00
25088.25,25088.25,25088.25,25088.25,225,437025,2024-08-22 13:34:00
25087.0,25087.0,25087.0,25087.0,100,436900,2024-08-22 13:35:00
25087.0,25087.0,25087.0,25087.0,0,0,2024-08-22 13:36:00
25085.0,25085.0,25085.0,25085.0,50,437050,2024-08-22 13:37:00
25088.0,25088.0,25084.7,25085.0,250,437050,2024-08-22 13:38:00
25085.0,25085.0,25083.0,25083.0,75,437050,2024-08-22 13:39:00
25086.95,25087.05,25086.45,25087.05,275,437275,2024-08-22 13:40:00
25088.0,25088.0,25088.0,25088.0,350,437275,2024-08-22 13:41:00
25088.0,25088.0,25085.0,25088.0,75,437275,2024-08-22 13:42:00
25090.0,25093.25,25088.0,25088.0,225,437475,2024-08-22 13:43:00
25093.0,25097.6,25090.35,25096.6,575,437475,2024-08-22 13:44:00
25096.6,25096.6,25096.6,25096.6,0,0,2024-08-22 13:45:00
25096.6,25096.6,25096.6,25096.6,0,0,2024-08-22 13:46:00
25099.6,25099.6,25099.6,25099.6,125,437400,2024-08-22 13:47:00
25099.95,25099.95,25099.95,25099.95,25,437400,2024-08-22 13:48:00
25099.95,25100.0,25099.95,25100.0,250,437300,2024-08-22 13:49:00
25099.95,25099.95,25094.65,25094.65,350,437300,2024-08-22 13:50:00
25097.15,25097.15,25097.15,25097.15,50,437300,2024-08-22 13:51:00
25091.25,25096.8,25091.2,25096.8,200,437050,2024-08-22 13:52:00
25091.15,25091.45,25091.15,25091.45,50,437050,2024-08-22 13:53:00
25092.8,25092.8,25092.8,25092.8,25,437050,2024-08-22 13:54:00
25091.4,25091.4,25091.4,25091.4,25,437050,2024-08-22 13:55:00
25095.1,25095.1,25095.1,25095.1,125,437050,2024-08-22 13:56:00
25095.95,25095.95,25095.75,25095.75,125,437050,2024-08-22 13:57:00
25088.05,25094.9,25088.05,25094.9,100,437150,2024-08-22 13:58:00
25086.0,25086.0,25086.0,25086.0,375,437150,2024-08-22 13:59:00
25094.0,25094.75,25089.9,25094.75,475,437150,2024-08-22 14:00:00
25096.75,25096.75,25096.75,25096.75,125,437575,2024-08-22 14:01:00
25094.95,25094.95,25088.0,25091.0,75,437575,2024-08-22 14:02:00
25095.9,25095.9,25095.9,25095.9,25,437575,2024-08-22 14:03:00
25095.9,25095.9,25095.9,25095.9,0,0,2024-08-22 14:04:00
25094.3,25094.3,25094.3,25094.3,25,437650,2024-08-22 14:05:00
25092.25,25092.25,25090.0,25090.0,350,437650,2024-08-22 14:06:00
25090.0,25090.0,25090.0,25090.0,75,437650,2024-08-22 14:07:00
25089.8,25089.8,25085.55,25085.55,50,437675,2024-08-22 14:08:00
25090.0,25090.0,25090.0,25090.0,650,437675,2024-08-22 14:09:00
25090.0,25090.05,25090.0,25090.05,175,437825,2024-08-22 14:10:00
25090.05,25096.05,25090.05,25096.05,300,437825,2024-08-22 14:11:00
25095.0,25095.0,25094.0,25095.0,1975,437825,2024-08-22 14:12:00
25095.0,25101.0,25095.0,25101.0,375,440275,2024-08-22 14:13:00
25098.5,25098.5,25098.5,25098.5,50,440275,2024-08-22 14:14:00
25095.45,25095.45,25095.45,25095.45,50,440275,2024-08-22 14:15:00
25095.45,25095.45,25095.45,25095.45,0,0,2024-08-22 14:16:00
25095.45,25095.45,25094.05,25094.05,50,440275,2024-08-22 14:17:00
25098.55,25099.95,25098.55,25099.95,50,440275,2024-08-22 14:18:00
25099.45,25099.45,25091.8,25091.8,175,440350,2024-08-22 14:19:00
25091.8,25091.8,25091.8,25091.8,25,440350,2024-08-22 14:20:00
25091.8,25091.8,25091.8,25091.8,0,0,2024-08-22 14:21:00
25090.0,25090.0,25090.0,25090.0,100,440375,2024-08-22 14:22:00
25090.0,25090.0,25090.0,25090.0,75,440375,2024-08-22 14:23:00
25090.0,25091.1,25090.0,25091.1,75,440375,2024-08-22 14:24:00
25090.85,25091.1,25090.0,25091.1,175,440425,2024-08-22 14:25:00
25090.2,25090.2,25090.0,25090.0,300,440425,2024-08-22 14:26:00
25088.95,25089.15,25088.95,25089.15,300,440425,2024-08-22 14:27:00
25089.15,25089.15,25089.15,25089.15,0,0,2024-08-22 14:28:00
25085.85,25085.85,25085.55,25085.55,75,440600,2024-08-22 14:29:00
25085.0,25087.7,25082.0,25086.7,150,440600,2024-08-22 14:30:00
25086.6,25086.6,25080.05,25080.05,450,440225,2024-08-22 14:31:00
25083.0,25083.0,25080.0,25080.0,200,440225,2024-08-22 14:32:00
25078.3,25080.0,25078.0,25080.0,900,440225,2024-08-22 14:33:00
25082.5,25087.65,25078.05,25087.65,225,439825,2024-08-22 14:34:00
25087.7,25091.0,25087.05,25090.0,100,439825,2024-08-22 14:35:00
25087.0,25087.65,25087.0,25087.65,500,439825,2024-08-22 14:36:00
25091.0,25091.0,25090.95,25091.0,375,440000,2024-08-22 14:37:00
25090.0,25091.0,25090.0,25091.0,225,440000,2024-08-22 14:38:00
25091.0,25091.0,25091.0,25091.0,0,0,2024-08-22 14:39:00
25084.0,25084.0,25084.0,25084.0,175,440150,2024-08-22 14:40:00
25083.75,25089.2,25083.75,25088.8,200,440150,2024-08-22 14:41:00
25088.6,25088.6,25088.6,25088.6,25,440150,2024-08-22 14:42:00
25089.9,25089.9,25089.9,25089.9,225,440150,2024-08-22 14:43:00
25083.3,25085.0,25080.3,25085.0,1300,440125,2024-08-22 14:44:00
25085.0,25089.45,25083.3,25089.45,100,440125,2024-08-22 14:45:00
25089.75,25089.75,25089.75,25089.75,25,440125,2024-08-22 14:46:00
25090.0,25090.0,25089.75,25089.75,225,441100,2024-08-22 14:47:00
25085.55,25090.0,25085.55,25090.0,50,441100,2024-08-22 14:48:00
25087.0,25087.0,25083.1,25085.0,100,441075,2024-08-22 14:49:00
25085.0,25085.0,25085.0,25085.0,0,0,2024-08-22 14:50:00
25088.95,25088.95,25084.6,25084.6,50,441075,2024-08-22 14:51:00
25084.0,25084.0,25084.0,25084.0,25,441150,2024-08-22 14:52:00
25084.0,25084.0,25084.0,25084.0,25,441150,2024-08-22 14:53:00
25088.45,25088.45,25088.0,25088.0,250,441150,2024-08-22 14:54:00
25089.0,25089.55,25089.0,25089.55,100,441150,2024-08-22 14:55:00
25087.0,25087.0,25085.05,25085.05,50,441000,2024-08-22 14:56:00
25085.05,25087.85,25085.05,25085.05,175,441000,2024-08-22 14:57:00
25085.05,25085.05,25084.05,25084.05,350,441000,2024-08-22 14:58:00
25084.05,25084.05,25084.05,25084.05,0,0,2024-08-22 14:59:00
25089.95,25094.8,25089.95,25094.8,675,441075,2024-08-22 15:00:00
25090.75,25090.75,25083.0,25083.0,375,441625,2024-08-22 15:01:00
25083.0,25090.75,25083.0,25090.75,175,441625,2024-08-22 15:02:00
25089.35,25093.95,25087.25,25087.25,550,441625,2024-08-22 15:03:00
25094.0,25094.0,25094.0,25094.0,125,441525,2024-08-22 15:04:00
25085.3,25091.25,25085.3,25085.3,100,441525,2024-08-22 15:05:00
25087.0,25090.0,25087.0,25090.0,75,441525,2024-08-22 15:06:00
25090.0,25090.0,25090.0,25090.0,0,0,2024-08-22 15:07:00
25090.5,25094.65,25090.5,25092.5,150,441600,2024-08-22 15:08:00
25090.0,25090.45,25087.0,25087.0,75,441600,2024-08-22 15:09:00
25085.3,25086.0,25084.0,25084.0,300,441700,2024-08-22 15:10:00
25085.0,25085.0,25084.0,25084.0,475,441700,2024-08-22 15:11:00
25083.5,25086.9,25083.5,25086.9,425,441700,2024-08-22 15:12:00
25086.9,25088.95,25086.9,25088.95,125,442550,2024-08-22 15:13:00
25089.0,25090.1,25084.45,25090.0,950,442550,2024-08-22 15:14:00
25089.95,25089.95,25084.05,25084.05,425,442550,2024-08-22 15:15:00
25088.45,25088.6,25083.0,25083.0,1325,441500,2024-08-22 15:16:00
25087.55,25088.4,25087.55,25088.4,50,441500,2024-08-22 15:17:00
25083.05,25085.0,25083.05,25085.0,300,441500,2024-08-22 15:18:00
25085.0,25088.0,25085.0,25086.75,325,441725,2024-08-22 15:19:00
25088.4,25090.0,25088.4,25090.0,300,441725,2024-08-22 15:20:00
25089.2,25089.2,25089.0,25089.0,225,441725,2024-08-22 15:21:00
25089.0,25089.0,25088.4,25089.0,725,442575,2024-08-22 15:22:00
25089.0,25090.0,25089.0,25090.0,600,442575,2024-08-22 15:23:00
25089.95,25090.0,25088.0,25090.0,275,442575,2024-08-22 15:24:00
25090.0,25090.0,25088.55,25089.0,475,443400,2024-08-22 15:25:00
25089.8,25089.8,25089.0,25089.7,275,443400,2024-08-22 15:26:00
25089.8,25090.0,25088.15,25090.0,425,443400,2024-08-22 15:27:00
25089.95,25089.95,25086.0,25088.0,450,443825,2024-08-22 15:28:00
25088.0,25088.0,25080.0,25080.0,2800,443825,2024-08-22 15:29:00
